product,price,dealer,rating
2015 Chevrolet Camaro 1LT,"$14,999",Texas Perfect Auto,3.1
2018 Chevrolet Tahoe LT,"$49,740",Mercedes-Benz of Hunt Valley,4.4
2018 Chevrolet Suburban Premier,"$53,975",Louisville INFINITI,5.0
2009 Chevrolet Corvette ZR-1,"$79,975",Gotspeed.com,4.7
2013 Chevrolet Silverado 1500 LTZ,"$31,980",C3 Automotive,4.6
2013 Chevrolet Cruze 1LT,"$11,495",Kelly's Auto Sales Inc.,4.5
2019 Chevrolet Colorado WT,"$24,950",Easterns Automotive Group of Sterling- Curbside and Home Delivery Available,5.0
2020 Chevrolet Silverado 2500 LTZ,"$68,994",Kelley Buick GMC of Bartow,4.7
2019 Chevrolet Tahoe LT,"$48,999",Hertz Car Sales Denver,4.2
2018 Chevrolet Tahoe Premier,"$59,699",DCH Millburn Audi,4.7
2019 Chevrolet Camaro ZL1,"$71,398",Westcott Automotive,4.8
2019 Chevrolet Trax LS,"$17,289",Midway Nissan,4.9
2017 Chevrolet Equinox LS,"$18,895",Ron Westphal Chevrolet,4.8
2020 Chevrolet Silverado 2500 Custom,"$46,900",Karl Chevrolet,4.8
2018 Chevrolet Tahoe LS,"$46,995",Quirk Pre-owned,4.5
2018 Chevrolet Equinox LS,"$21,998",Landers Kia,4.6
2019 Chevrolet Camaro 2SS,"$43,495",BMW of Houston North,4.6
2018 Chevrolet Suburban LT,"$39,995",Sid Dillon of Wahoo,4.7
2020 Chevrolet Silverado 1500 LTZ,"$55,465",Shottenkirk Chevrolet,4.5
2019 Chevrolet Colorado WT,"$26,971",Hare Chevrolet,4.8
2015 Chevrolet Tahoe LTZ,"$38,846",Westgate Chrysler Jeep Dodge RAM,4.5
2019 Chevrolet Traverse LT Cloth,"$29,600",Al Serra Auto Plaza,4.8
2017 Chevrolet Equinox LS,"$14,999",West Chicago Auto Mall,3.6
2018 Chevrolet Cruze LT,"$19,800",Lupient Chevrolet,4.6
2020 Chevrolet Suburban LT,"$56,552",Serra Chevrolet Bartlett,4.7
2018 Chevrolet Tahoe LT,"$47,995",Bellavia Chevrolet Buick,4.4
2017 Chevrolet Traverse 1LT,"$27,595",Sam Pierce Chevrolet,4.0
2018 Chevrolet Suburban LT,"$57,497",Frankel Chesapeake Cadillac,4.7
2018 Chevrolet Cruze LT,"$16,750",Chevrolet of Wayzata,4.7
2018 Chevrolet Camaro ZL1,"$65,412",Driver's Auto Mart,3.6
2015 Chevrolet Tahoe LT,"$32,402",McKinney Buick GMC,4.6
2018 Chevrolet Suburban Premier,"$58,990",Elco Chevrolet & Cadillac,5.0
2019 Chevrolet Colorado WT,"$22,895",Jersey Car Direct,3.5
2016 Chevrolet Tahoe LT,"$37,654",Clay Cooley Mitsubishi,4.0
2018 Chevrolet Camaro 1SS,"$40,939",Zeigler Buick GMC of Lincolnwood,4.5
2018 Chevrolet Suburban LT,"$49,900",Atlantic Chevrolet Cadillac,5.0
2018 Chevrolet Cruze LT,"$18,999",Schwieters Chevrolet of Willmar,4.6
2018 Chevrolet Equinox 1LT,"$24,795",Chesrown Chevrolet Buick GMC,4.8
2020 Chevrolet Equinox 1LT,"$24,000",Ultimate Motor Cars,4.6
2008 Chevrolet Impala LS,"$6,986",Bob Bell Chevrolet,4.5
2018 Chevrolet Tahoe LT,"$49,000",Koons Chevrolet of White Marsh,5.0
2017 Chevrolet Silverado 1500 LTZ,"$34,995",Patriot Hyundai of El Monte,4.6
2018 Chevrolet Colorado WT,"$19,000",North End Motors,5.0
2020 Chevrolet Suburban LT,"$63,995","City Auto Sales,LLC",4.5
2018 Chevrolet Suburban LT,"$44,991",Millennium Chevrolet,5.0
2020 Chevrolet Traverse Premier,"$39,300",AutoSavvy Omaha,4.6
2017 Chevrolet Equinox LS,"$12,800",Webb Chevy,4.6
2018 Chevrolet Tahoe Premier,"$53,877",Salerno Duane Ford,5.0
2011 Chevrolet Avalanche 1500 LTZ,"$13,704",Northwoods Automotive,3.5
2021 Chevrolet Corvette Stingray w/1LT,"$98,999",ALM Roswell,4.5
2012 Chevrolet Tahoe LTZ,"$21,604",AutoNation Chevrolet North Corpus Christi,4.7
2018 Chevrolet Bolt EV Premier,"$22,999",Milford Nissan,4.9
2013 Chevrolet Avalanche LTZ,"$26,990",AutoNation Chevrolet Gilbert,4.6
2020 Chevrolet Silverado 1500 LT,"$47,134",Beck & Masten North,4.7
2016 Chevrolet Tahoe LT,"$43,971",Route 18 Chrysler Jeep Dodge Ram,4.9
2017 Chevrolet Camaro 2SS,"$42,888",Wantz Chevrolet,4.9
2016 Chevrolet Cruze LS Automatic,"$14,980",Platinum Auto Exchange,4.4
2018 Chevrolet Equinox 1LT,"$15,999",Automania,3.9
2018 Chevrolet Suburban Premier,"$57,984",Bachman Chevrolet,4.8
2012 Chevrolet Tahoe LTZ,"$25,995",Car Zone USA,2.4
2017 Chevrolet Suburban LT,"$41,910",Moore Cadillac- We will buy your car,4.7
2017 Chevrolet Equinox LS,"$19,800",Main Street Motors,4.8
2019 Chevrolet Traverse LT Cloth,"$32,795",Serra Saginaw,4.4
2018 Chevrolet Tahoe Premier,"$52,489",Louisville INFINITI,5.0
2018 Chevrolet Cruze LT,"$16,165",Hertz Car Sales Minneapolis,5.0
2019 Chevrolet Trax LS,"$18,572",Chapman Hyundai Scottsdale,4.1
2016 Chevrolet Camaro 2SS,"$32,997",The Internet Car Lot,3.8
2018 Chevrolet Suburban LT,"$46,900",McAndrew Motors,3.3
2017 Chevrolet Silverado 1500 LTZ,"$45,000",H&H Kia,4.7
2019 Chevrolet Traverse LT Cloth,"$29,250",Al Serra Auto Plaza,4.8
2003 Chevrolet Corvette,"$24,265",Bill Brandt Ford Inc,4.8
2020 Chevrolet Malibu LT,"$18,900",Eden Autos,4.4
2018 Chevrolet Traverse LT Leather,"$36,889",EchoPark Automotive Thornton,4.6
2018 Chevrolet Tahoe LT,"$46,500",Koons Ford of Baltimore,4.8
2021 Chevrolet Tahoe High Country,"$82,777",Shottenkirk Chrysler Dodge Jeep Ram Prosper,4.4
2017 Chevrolet Tahoe LT,"$44,952",Kings Kia,4.5
2015 Chevrolet Tahoe LTZ,"$27,966",Global Auto Outlet,3.1
2015 Chevrolet Corvette Stingray Z51,"$46,335",AutoNation Chrysler Dodge Jeep Ram and FIAT North Phoenix,4.3
2018 Chevrolet Traverse LT Leather,"$35,989",Pedersen Toyota Volvo,4.8
2019 Chevrolet Colorado Z71,"$38,512",Classic Chevrolet Inc,4.4
2017 Chevrolet Silverado 1500 LTZ,"$49,750",H&H Chevrolet,4.8
2021 Chevrolet Tahoe LT,"$67,995",Baha Auto Sales,4.1
2018 Chevrolet Camaro ZL1,"$60,990",Driver's Auto Mart,3.6
2019 Chevrolet Equinox 1LT,"$25,398",Hometown Chevrolet,4.2
2019 Chevrolet Traverse LT Cloth,"$33,900",Shea CARite,3.7
2019 Chevrolet Colorado Z71,"$35,093",Classic Chevrolet Inc,4.4
2018 Chevrolet Silverado 1500 LT,"$37,871",gettacar,4.9
2020 Chevrolet Camaro 2SS,"$14,950",AE of Miami,1.2
2020 Chevrolet Tahoe Premier,"$64,995",JBA Chevrolet Mitsubishi,4.5
2019 Chevrolet Corvette Stingray Z51,"$61,070",Kelley Buick GMC of Bartow,4.7
2016 Chevrolet Tahoe LT,"$40,998",El Dorado Mazda,4.8
2009 Chevrolet Corvette 1LT,"$34,800",Craig & Landreth Clarksville,4.7
2020 Chevrolet Tahoe LT,"$45,498",Grand Motorcars Kennesaw,2.0
2013 Chevrolet Avalanche LTZ,"$31,997",Car Web,4.8
2015 Chevrolet Volt Base,"$11,867",Star Auto Mall,4.1
2019 Chevrolet Tahoe LT,"$49,888",Western Motors Merced,4.6
2020 Chevrolet Silverado 1500 LT,"$42,988",AutoNation Toyota Libertyville,4.3
2021 Chevrolet Tahoe Premier,"$76,137","Tony Brown Chevrolet,Inc",4.8
2016 Chevrolet Tahoe LS,"$31,998",112 Certified,3.5
2015 Chevrolet Camaro 2SS,"$33,414",Bradshaw Automotive,5.0
2018 Chevrolet Silverado 1500 LT,"$47,888",DeMontrond Conroe,3.8
2012 Chevrolet Colorado 1LT,"$8,490",Rochester Car Clearance,4.7
2017 Chevrolet Camaro 1SS,"$33,995",Certified Luxury Motors,3.6
2018 Chevrolet Traverse LT Leather,"$36,919",EchoPark Automotive Greensboro Delivery Center,1.0
2017 Chevrolet Equinox LS,"$18,500",Pearl Chrysler Dodge Jeep RAM,5.0
2020 Chevrolet Malibu Premier,"$30,677",Castle Chevrolet of Villa Park,4.4
2016 Chevrolet Tahoe LT,"$39,365",INFINITI of Birmingham,5.0
2010 Chevrolet Corvette Grand Sport,"$37,990",Ron Marhofer Hyundai,4.8
2016 Chevrolet Malibu 1LT,"$14,995",AM Auto Sales,5.0
2019 Chevrolet Camaro 2SS,"$43,937",Lester Glenn Hyundai,5.0
2019 Chevrolet Trax LS,"$18,078",Chapman Chevrolet,4.6
2019 Chevrolet Traverse LT Cloth,"$29,950",Mike Young Buick GMC,4.5
2018 Chevrolet Traverse LT Leather,"$36,987",Mountain Chevrolet,4.0
2016 Chevrolet Tahoe LT,"$36,985",Pat Lobb Toyota of Mckinney,5.0
2015 Chevrolet Corvette Stingray Z51,"$52,199",Medved Chevrolet & Cadillac,4.6
2019 Chevrolet Tahoe LT,"$49,888",Western Motors Merced,4.6
2015 Chevrolet Tahoe LTZ,"$22,013",Bill Estes Chevrolet,4.4
2019 Chevrolet Trax LT,"$18,428",Bob Johnson Certified Collection,4.8
2006 Chevrolet Silverado 1500 LS Extended Cab,"$6,500",Kearney Motor Sports,4.2
